{"Train_PPYoloELoss/loss_cls":0.6576029062271118,"_step":50,"Precision@0.50":0.5641635060310364,"Valid_Recall@0.50":0.748251736164093,"Averaged_Model_Performance":"PPYoloELoss/loss_cls: 0.834  \n  PPYoloELoss/loss_iou: 0.650  \n  PPYoloELoss/loss_dfl: 0.396  \n  PPYoloELoss/loss: 1.880  \n  Precision@0.50: 0.564  \n  Recall@0.50: 0.755  \n  mAP@0.50: 0.682  \n  F1@0.50: 0.646  \n  Best_score_threshold: 0.410  \n  ","Valid Inference Time":7688.08447265625,"Valid_PPYoloELoss/loss_cls":0.8339930772781372,"PPYoloELoss/loss":1.8799415826797485,"Train_PPYoloELoss/loss_dfl":0.3796823024749756,"Valid_PPYoloELoss/loss":1.8804084062576294,"F1@0.50":0.6456350684165955,"PPYoloELoss/loss_cls":0.8336829543113708,"Train_PPYoloELoss/loss_iou":0.48797792196273804,"mAP@0.50":0.6817346215248108,"Valid_Precision@0.50":0.553882360458374,"PPYoloELoss/loss_dfl":0.3964046537876129,"Train_PPYoloELoss/loss":1.5252625942230225,"_timestamp":1.7346436054700892e+09,"Train Inference Time":247098.140625,"LR/default":1.121179944766371e-06,"Valid_mAP@0.50":0.6769233345985413,"PPYoloELoss/loss_iou":0.6498540043830872,"_wandb":{"runtime":11562},"Valid_PPYoloELoss/loss_iou":0.6500874757766724,"Recall@0.50":0.7546090483665466,"Valid_PPYoloELoss/loss_dfl":0.39632779359817505,"Valid_Best_score_threshold":0.4099999964237213,"_runtime":11562.083412971,"Best_score_threshold":0.4099999964237213,"Valid_F1@0.50":0.636560320854187}